Status;Category;Level;Section Nr;Section Name;HTML File Name;Feature Names;Keywords;Remarks
Missing, (Assign right Category);Link;;;"&#8594; User Guide";GUI_Features_Table_of_Contents.html;;;
OK, (Assign right Category);TOC;1;;Table of Contents;REF_Features_Table_of_Contents.html;Table of Contents;Table of Contents,Reference Manual;
OK;Body;1;B 1;Starting B4P;REF_Features_starting.html;starting;starting,installing,installation,launching,command line options;
OK;Body;2;B 1.1;Interactive Mode;REF_Features_interactive.html;interactive;interactive,interactive mode;
OK;Body;2;B 1.2;Licensing;REF_Features_licensing.html;licensing;licensing,unlock;
OK;Body;1;B 2;Introduction;REF_Features_introduction.html;introduction;introduction;
OK;Body;2;B 2.1;UNICODE Character Set;REF_Features_UNICODE_character_set.html;UNICODE character set;UNICODE character set;
OK;Body;3;B 2.1.1;Case Sensitivity;REF_Features_case_sensitivity.html;case sensitivity;case sensitivity,upper case,lower case;
OK;Body;3;B 2.1.2;HTML Entities;REF_Features_entities.html;entities;entities,html entities;
OK;Body;3;B 2.1.3;Console Input / Output;REF_Features_console.html;console;console;
OK;Body;3;B 2.1.4;Loading and Saving Files;REF_Features_loading_files.html;loading files;loading files;
OK;Body;3;B 2.1.5;CSV File Format;REF_Features_CSV.html;CSV;CSV;
OK;Body;2;B 2.2;Basic Data Types;REF_Features_data_types.html;data types;data types,basic data types;
OK;Body;3;B 2.2.1;Literals;REF_Features_data_types_literals.html;data types literals;data types literals,softquoted literal,softquoted literals,unquoted literal,unquoted literals;
OK;Body;4;B 2.2.1.1;Literals - Indexing;REF_Features_literals_indexing.html;literals indexing;literals indexing,length of literals;
OK;Body;4;B 2.2.1.2;Literals - Extracting Substrings;REF_Features_data_types_literals_extracting_substrings.html;data types literals extracting substrings;data types literals extracting substrings;
OK;Body;3;B 2.2.2;Numerals;REF_Features_data_types_numerals.html;data types numerals;data types numerals,plain numeral,plain numerals;
OK;Body;3;B 2.2.3;Dates;REF_Features_data_types_dates.html;data types dates;data types dates,plain date,plain dates;
OK;Body;3;B 2.2.4;Booleans;REF_Features_data_types_booleans.html;data types booleans;data types booleans;
OK;Body;3;B 2.2.5;Voids;REF_Features_data_types_voids.html;data types voids;data types voids;
OK;Body;3;B 2.2.6;Parameter sets;REF_Features_data_types_parameter_sets.html;data types parameter sets;data types parameter sets;
OK;Body;4;B 2.2.6.1;Parameter sets - Indexing;REF_Features_data_types_parameter_sets_indexing.html;data types parameter sets indexing;data types parameter sets indexing,parameter set indexing,length of parameter sets;
OK;Body;4;B 2.2.6.2;Parameter sets - Extracting Subsets;REF_Features_data_types_parameter_sets_extracting_subsets.html;data types parameter sets extracting subsets;data types parameter sets extracting subsets;
OK;Body;4;B 2.2.6.3;Parameter sets - Value Ranges;REF_Features_data_types_parameter_sets_value_ranges.html;data types parameter sets value ranges;data types parameter sets value ranges,parameter set value ranges;
OK;Body;4;B 2.2.6.4;Parameter sets - Value Repetitions;REF_Features_data_types_parameter_sets_value_repetitions.html;data types parameter sets value repetitions;data types parameter sets value repetitions,parameter set value repetitions;
OK;Body;2;B 2.3;Reserved keywords;REF_Features_reserved_keywords.html;reserved keywords;reserved keywords;
OK;Body;2;B 2.4;Path and File Names;REF_Features_path_names.html;path names;path names,file name,file names;
OK;Body;2;B 2.5;Locales;REF_Features_Locales.html;Locales;Locales,list of Locales,locale;
OK;Body;2;B 2.6;Comments;REF_Features_comments.html;comments;comments;
OK;Body;1;B 3;Variables;REF_Features_variables.html;variables;variables;
OK;Body;2;B 3.1;Variable Scopes;REF_Features_variable_scopes.html;variable scopes;variable scopes;
OK;Body;3;B 3.1.1;Global Variables;REF_Features_global_variables.html;global variables;global variables;
OK;Body;3;B 3.1.2;Local Variables;REF_Features_local_variables.html;local variables;local variables;
OK;Body;3;B 3.1.3;System Variables;REF_Features_system_variables.html;system variables;system variables;
OK;Body;2;B 3.2;Variable Attributes;REF_Features_Variable_attributes.html;Variable attributes;Variable attributes;
OK;Body;2;B 3.3;Variable Forms and Trees;REF_Features_Variable_forms.html;Variable forms;Variable forms;
OK;Body;3;B 3.3.1;Simple Variables;REF_Features_simple_variables.html;simple variables;simple variables;
OK;Body;3;B 3.3.2;Arrays;REF_Features_arrays.html;arrays;arrays;
OK;Body;3;B 3.3.3;Structures;REF_Features_structures.html;structures;structures;
OK;Body;3;B 3.3.4;Zero Members Variables;REF_Features_zero_members.html;zero members;zero members;
OK;Body;1;B 4;Tables;REF_Features_tables.html;tables;tables;
OK;Body;2;B 4.1;Accessing Tables;REF_Features_accessing_tables.html;accessing tables;accessing tables,table access methods;
OK;Body;3;B 4.1.1;Simple Table Access;REF_Features_simple_table_access.html;simple table access;simple table access;
OK;Body;3;B 4.1.2;Horizontal Table Access;REF_Features_horizontal_table_access.html;horizontal table access;horizontal table access;
OK;Body;4;B 4.1.2.1;Horizontal Table Access w. Param. Sets;REF_Features_Horizontal_table_access_using_parameter_sets.html;Horizontal table access using parameter sets;Horizontal table access using parameter sets;
OK;Body;4;B 4.1.2.2;Horizontal Table Access w. Wildcards;REF_Features_Horizontal_table_access_using_wildcards.html;Horizontal table access using wildcards;Horizontal table access using wildcards;
OK;Body;4;B 4.1.2.3;Horizontal Table Access w. Ranges;REF_Features_Horizontal_table_access_using_ranges.html;Horizontal table access using ranges;Horizontal table access using ranges;
OK;Body;3;B 4.1.3;Vertical Table Access;REF_Features_vertical_table_access.html;vertical table access;vertical table access;
OK;Body;4;B 4.1.3.1;Vertical Table Access w. Param. Sets;REF_Features_Vertical_table_access_using_parameter_sets.html;Vertical table access using parameter sets;Vertical table access using parameter sets;
OK;Body;4;B 4.1.3.2;Vertical Table Access w. Wildcards;REF_Features_Vertical_table_access_using_wildcards.html;Vertical table access using wildcards;Vertical table access using wildcards;
OK;Body;4;B 4.1.3.3;Vertical Table Access w. Ranges;REF_Features_Vertical_table_access_using_ranges.html;Vertical table access using ranges;Vertical table access using ranges;
OK;Body;3;B 4.1.4;Matrix Table Access;REF_Features_matrix_table_access.html;matrix table access;matrix table access;
OK;Body;3;B 4.1.5;Partial Table Specification;REF_Features_partial_table_specification.html;partial table specification;partial table specification,partial table specifications;
OK;Body;3;B 4.1.6;Nested Partial Table Specification;REF_Features_nested_partial_table_specification.html;nested partial table specification;nested partial table specification,nested partial table specifications;
OK;Body;3;B 4.1.7;Shifted Table Column Specifications;REF_Features_shifted_table_column_specification.html;shifted table column specification,shifted table column specifications;shifted table column specification,shifted table column specifications;
OK;Body;3;B 4.1.8;Header Name Exception Handling;REF_Features_header_name_exception_handling.html;header name exception handling;header name exception handling;
OK;Body;3;B 4.1.9;Lookup Access Exception Handling;REF_Features_lookup_access_exception_handling.html;lookup access exception handling;lookup access exception handling;
OK;Body;2;B 4.2;Header Names - Memory Effect;REF_Features_memory_effect.html;memory effect;memory effect;
OK;Body;1;B 5;Functions and Procedures;REF_Features_Functions_and_Procedures.html;Functions and Procedures;Functions and Procedures;
OK;Body;2;B 5.1;Function Parameters;REF_Features_Function_Parameters.html;Function Parameters;Function Parameters;
OK;Body;2;B 5.2;Function Parameter Directions;REF_Features_Function_parameter_directions.html;Function parameter directions;Function parameter directions;
OK;Body;2;B 5.3;Function Parameter Types;REF_Features_Function_parameter_types.html;Function parameter types;Function parameter types;
OK;Body;3;B 5.3.1;Parameter Set or Literal (Func. Param. Type);REF_Features_parameter_set_or_literal.html;parameter set or literal;parameter set or literal;
OK;Body;3;B 5.3.2;Table Columns (Func. Param. Type);REF_Features_Table_columns.html;Table columns;Table columns,table columns as function parameters;
OK;Body;3;B 5.3.3;Code Pieces (Func. Param. Type);REF_Features_Code_Piece.html;Code Piece;Code Piece,code pieces;
OK;Body;4;B 5.3.3.1;Comparison Expressions (func. params);REF_Features_Comparison_Expression_(func._params).html;Comparison Expression (func. params);Comparison Expression (func. params),Comparison Expressions;
OK;Body;4;B 5.3.3.2;Expressions (func. params);REF_Features_Expressions_(func_params).html;Expressions (func params);Expressions (func params);
OK;Body;4;B 5.3.3.3;Variables (func. params);REF_Features_Variables_(func_params).html;Variables (func params);Variables (func params);
OK;Body;4;B 5.3.3.4;Statements (func. params);REF_Features_Statements_(func_params).html;Statements (func params);Statements (func params);
OK;Body;3;B 5.3.4;Expressions to Select Rows;REF_Features_Expressions_to_select_rows.html;Expressions to select rows;Expressions to select rows;
OK;Body;2;B 5.4;Indirect Parameter Passing;REF_Features_Indirect_parameter_passing.html;Indirect parameter passing;Indirect parameter passing;
OK;Body;1;B 6;Function Library;REF_Features_Function_Library.html;Function Library;Function Library;
OK;Body;2;B 6.1;Control Flow Functions;REF_Features_Control_Flow_Functions.html;Control Flow Functions;Control Flow Functions;
OK;Body;3;B 6.1.1;Loops;REF_Features_Loops.html;Loops;Loops;
Missing;Body;4;B 6.1.1.1;do;;;;
Missing;Body;4;B 6.1.1.2;for;;;;
Missing;Body;4;B 6.1.1.3;while, until;;;;
Missing;Body;4;B 6.1.1.4;for all table columns;;;;
Missing;Body;4;B 6.1.1.5;for all current table columns;;;;
Missing;Body;4;B 6.1.1.6;for all parameters;;;;
Missing;Body;4;B 6.1.1.7;for all table rows;;;;
Missing;Body;4;B 6.1.1.8;for all table selected rows;;;;
Missing;Body;4;B 6.1.1.9;for all variables;;;;
Missing;Body;4;B 6.1.1.10;for all current table selected columns;;;;
Missing;Body;4;B 6.1.1.11;for all table selected columns;;;;
OK;Body;3;B 6.1.2;Branches;REF_Features_Branches.html;Branches;Branches;
Missing;Body;4;B 6.1.2.1;if, unless;;;;
Missing;Body;4;B 6.1.2.2;once;;;;
Missing;Body;4;B 6.1.2.3;switch, check;;;;
Missing;Body;4;B 6.1.2.4;case;;;;
Missing;Body;4;B 6.1.2.5;break, continue;;;;
OK;Body;3;B 6.1.3;User-Defined Procedures and Functions;REF_Features_User_Defined_Procedures_and_Functiions.html;User Defined Procedures and Functiions;User Defined Procedures and Functiions,User-defined procedures and functions,user-defined procedures,user-defined functions,user procedures,user functions;
Missing;Body;4;B 6.1.3.1;define procedure / function;;;;
Missing;Body;4;B 6.1.3.2;define additional procedure / function;;;;
Missing;Body;4;B 6.1.3.3;Parameter Types in User-Defined Functions;;;;
Missing;Body;4;B 6.1.3.4;return;;;;
Missing;Body;4;B 6.1.3.5;function / user function existing;;;;
Missing;Body;4;B 6.1.3.6;delete user function;;;;
OK;Body;3;B 6.1.4;Start or include Beyond4P Programs;REF_Features_Start_or_include_Beyond4P_Programs.html;Start or include Beyond4P Programs;Start or include Beyond4P Programs,start programs,include programs;
Missing;Body;4;B 6.1.4.1;start;;;;
Missing;Body;4;B 6.1.4.2;include;;;;
OK;Body;3;B 6.1.5;Exception Functions;REF_Features_Exception_Functions.html;Exception Functions;Exception Functions;
Missing;Body;4;B 6.1.5.1;pause;;;;
Missing;Body;4;B 6.1.5.2;stop;;;;
Missing;Body;4;B 6.1.5.3;interactive;;;;
Missing;Body;4;B 6.1.5.4;exit;;;;
Missing;Body;4;B 6.1.5.5;end;;;;
Missing;Body;4;B 6.1.5.6;abort;;;;
Missing;Body;4;B 6.1.5.7;throw;;;;
Missing;Body;4;B 6.1.5.8;catch, catch if;;;;
Missing;Body;4;B 6.1.5.9;exception;;;;
OK;Body;3;B 6.1.6;Comparison and Selection Functions;REF_Features_Comparison_and_selection_functions.html;Comparison and selection functions;Comparison and selection functions;
Missing;Body;4;B 6.1.6.1;select, pick;;;;
Missing;Body;4;B 6.1.6.2;select if, pick if;;;;
Missing;Body;4;B 6.1.6.3;select ifs, pick ifs;;;;
Missing;Body;4;B 6.1.6.4;select / pick by value;;;;
Missing;Body;4;B 6.1.6.5;compare select / pick;;;;
OK;Body;3;B 6.1.7;Code Execution Functions;REF_Features_Code_Execution_Functions.html;Code Execution Functions;Code Execution Functions;
Missing;Body;4;B 6.1.7.1;call;;;;
Missing;Body;4;B 6.1.7.2;deep, deepr;;;;
Missing;Body;4;B 6.1.7.3;statements;;;;
Missing;Body;4;B 6.1.7.4;expression;;;;
Missing;Body;4;B 6.1.7.5;compare;;;;
Missing;Body;4;B 6.1.7.6;assign;;;;
OK;Body;3;B 6.1.8;Other Control Flow Functions;REF_Features_Other_Control_Flow_Functions.html;Other Control Flow Functions;Other Control Flow Functions;
Missing;Body;4;B 6.1.8.1;null - Function;;;;
Missing;Body;4;B 6.1.8.2;with table;;;;
OK;Body;2;B 6.2;Input / Output Functions;REF_Features_input_output_functions.html;input output functions;input output functions;
OK;Body;3;B 6.2.1;Text Input / Output;REF_Features_text_input_output.html;text input output;text input output;
Missing;Body;4;B 6.2.1.1;echo, print ...;;;;
Missing;Body;4;B 6.2.1.2;compose ...;;;;
Missing;Body;4;B 6.2.1.3;input;;;;
Missing;Body;4;B 6.2.1.4;input quick ...;;;;
Missing;Body;4;B 6.2.1.5;getch ...;;;;
OK;Body;3;B 6.2.2;Console Special Effects;REF_Features_Console_special_effects.html;Console special effects;Console special effects;
Missing;Body;4;B 6.2.2.1;cls;;;;
Missing;Body;4;B 6.2.2.2;cursor;;;;
Missing;Body;4;B 6.2.2.3;text / background color;;;;
OK;Body;3;B 6.2.3;Inspection and Debugging;REF_Features_Inspection_and_debugging.html;Inspection and debugging;Inspection and debugging;
Missing;Body;4;B 6.2.3.1;prompt;;;;
Missing;Body;4;B 6.2.3.2;inspect;;;;
Missing;Body;4;B 6.2.3.3;list variables ...;;;;
OK;Body;2;B 6.3;Type Conversion and Formatting Functions;REF_Features_Type_Conversion_Functions.html;Type Conversion Functions;Type Conversion Functions,type conversion;
Missing;Body;3;B 6.3.1;literal, quoted literal, softquoted literal;;;;
Missing;Body;4;B 6.3.1.1;Literal to Literal Formatting;;;;
Missing;Body;4;B 6.3.1.2;Void to Literal Formatting;;;;
Missing;Body;4;B 6.3.1.3;Numeral to Literal Formatting;;;;
Missing;Body;4;B 6.3.1.4;Date to Literal Formatting;;;;
Missing;Body;4;B 6.3.1.5;Parameter Set to Literal Formatting;;;;
Missing;Body;4;B 6.3.1.6;Boolean to Literal Formatting;;;;
Missing;Body;4;B 6.3.1.7;Smart Formatting;;;;
Missing;Body;3;B 6.3.2;numeral;;;;
Missing;Body;3;B 6.3.3;clean (if) numeral;;;;
Missing;Body;3;B 6.3.4;smart (if) numeral;;;;
Missing;Body;3;B 6.3.5;date, pure date, date time;;;;
Missing;Body;3;B 6.3.6;time, pure time;;;;
Missing;Body;3;B 6.3.7;Date and Time Detection Rules;;;;
Missing;Body;3;B 6.3.8;boolean;;;;
Missing;Body;3;B 6.3.9;parameter set;;;;
Missing;Body;3;B 6.3.10;join ...;;;;
Missing;Body;3;B 6.3.11;type, type detailed;;;;
Missing;Body;3;B 6.3.12;hash signature;;;;
Missing;Body;3;B 6.3.13;excel column number;;;;
OK;Body;2;B 6.4;Mathematics and Statistics;REF_Features_Mathematics_and_Statistics.html;Mathematics and Statistics;Mathematics and Statistics;
OK;Body;3;B 6.4.1;Basic Math Functions;REF_Features_basic_math_functions.html;basic math functions;basic math functions;
Missing;Body;4;B 6.4.1.1;is numeric / integer - Functions;;;;
Missing;Body;4;B 6.4.1.2;even, odd, whole;;;;
Missing;Body;4;B 6.4.1.3;abs - Absolute Value;;;;
Missing;Body;4;B 6.4.1.4;round, round up / down;;;;
Missing;Body;4;B 6.4.1.5;mod - Modulo function;;;;
Missing;Body;4;B 6.4.1.6;random - Random Integers;;;;
OK;Body;3;B 6.4.2;Transcendental Functions;REF_Features_transcendental_functions.html;transcendental functions;transcendental functions;
Missing;Body;4;B 6.4.2.1;sqrt - Square Root;;;;
Missing;Body;4;B 6.4.2.2;pow - Power Function;;;;
Missing;Body;4;B 6.4.2.3;Exponential Functions;;;;
Missing;Body;4;B 6.4.2.4;Logarithmic Functions;;;;
Missing;Body;4;B 6.4.2.5;Trigonometric Functions;;;;
Missing;Body;4;B 6.4.2.6;Hyperbolic Functions;;;;
OK;Body;3;B 6.4.3;Series Functions;REF_Features_series_functions.html;series functions;series functions;
Missing;Body;4;B 6.4.3.1;Arithmetic and Boolean Series Functions;;;;
Missing;Body;4;B 6.4.3.2;min, max Functions;;;;
Missing;Body;4;B 6.4.3.3;min, max Functions on Literals;;;;
Missing;Body;4;B 6.4.3.4;min, max Functions on Numerals;;;;
Missing;Body;4;B 6.4.3.5;count Functions;;;;
OK;Body;3;B 6.4.4;Matrix Functions;REF_Features_matrix_functions.html;matrix functions;matrix functions;
Missing;Body;4;B 6.4.4.1;minv - Matrix Inversion;;;;
Missing;Body;4;B 6.4.4.2;mdet - Matrix Determinant;;;;
Missing;Body;4;B 6.4.4.3;mmul, mmdiv - Multiplication and Division;;;;
Missing;Body;4;B 6.4.4.4;linear - Solve Linear Equations;;;;
OK;Body;3;B 6.4.5;Statistics Functions;REF_Features_statistics_functions.html;statistics functions;statistics functions;
Missing;Body;4;B 6.4.5.1;Basic Statistics Functions;;;;
Missing;Body;4;B 6.4.5.2;covariance, correlation;;;;
Missing;Body;4;B 6.4.5.3;gini Coefficient Functions;;;;
Missing;Body;4;B 6.4.5.4;Linear and Exponential Regression;;;;
Missing;Body;4;B 6.4.5.5;Interpolation Functions;;;;
Missing;Body;5;B 6.4.5.5.1;Interpolation Examples Visualized;;;;
Missing;Body;3;B 6.4.6;Conditional Combination Functions;;;;
OK;Body;3;B 6.4.7;Finance and Business Functions;REF_Features_finance_functions.html;finance functions;finance functions,business functions;
Missing;Body;4;B 6.4.7.1;cagr - Compond Annual Growth Rate;;;;
Missing;Body;4;B 6.4.7.2;irr - Internal Rate of Return;;;;
Missing;Body;4;B 6.4.7.3;tv - Terminal Value;;;;
Missing;Body;4;B 6.4.7.4;discount - Discount Values;;;;
Missing;Body;4;B 6.4.7.5;distribute - Value Distribution over Timeline;;;;
OK;Body;2;B 6.5;String Functions;REF_Features_string_functions.html;string functions;string functions,literal functions;
OK;Body;3;B 6.5.1;String Search and Extraction Functions;REF_Features_string_search_and_extraction.html;string search and extraction;string search and extraction,string search functions,string extraction functions;
Missing;Body;4;B 6.5.1.1;length ... (string function);;;;
Missing;Body;4;B 6.5.1.2;find ... (string function);;;;
Missing;Body;4;B 6.5.1.3;left ... (string function);;;;
Missing;Body;4;B 6.5.1.4;right ... (string function);;;;
Missing;Body;4;B 6.5.1.5;middle ... (string function);;;;
Missing;Body;4;B 6.5.1.6;outside ... (string function);;;;
Missing;Body;4;B 6.5.1.7;trim ... (string function);;;;
Missing;Body;4;B 6.5.1.8;replace, replace all;;;;
Missing;Body;4;B 6.5.1.9;substitute, substitute all;;;;
Missing;Body;4;B 6.5.1.10;get differences;;;;
Missing;Body;4;B 6.5.1.11;locate differences;;;;
Missing;Body;4;B 6.5.1.12;tokenize;;;;
OK;Body;3;B 6.5.2;Character Encoding and Decoding;REF_Features_character_coding.html;character coding;character coding;
Missing;Body;4;B 6.5.2.1;chr;;;;
Missing;Body;4;B 6.5.2.2;code;;;;
Missing;Body;4;B 6.5.2.3;decode entities;;;;
Missing;Body;4;B 6.5.2.4;encode entities;;;;
OK;Body;3;B 6.5.3;Miscellaneous String Functions;REF_Features_Other_string_functions.html;Other string functions;Other string functions;
Missing;Body;4;B 6.5.3.1;random string, random letters;;;;
OK;Body;4;B 6.5.3.2;abbreviate name;REF_Function_abbreviate_name.html;abbreviate name;abbreviate name;
OK;Body;2;B 6.6;Date and Time Functions;REF_Features_date_and_time_functions.html;date and time functions;date and time functions;
OK;Body;3;B 6.6.1;Date Functions;REF_Features_date_functions.html;date functions;date functions;
Missing;Body;4;B 6.6.1.1;date inside, time inside;;;;
Missing;Body;4;B 6.6.1.2;year, quarter, month, day;;;;
Missing;Body;4;B 6.6.1.3;day of year;;;;
Missing;Body;4;B 6.6.1.4;serial date;;;;
Missing;Body;4;B 6.6.1.5;weekday;;;;
Missing;Body;4;B 6.6.1.6;week;;;;
Missing;Body;4;B 6.6.1.7;reschedule;;;;
OK;Body;3;B 6.6.2;Time and Stopwatch Functions;REF_Features_time_and_stopwatch_functions.html;time and stopwatch functions;time and stopwatch functions;
Missing;Body;4;B 6.6.2.1;hour, minute, second;;;;
Missing;Body;4;B 6.6.2.2;Stopwatch Functions;;;;
OK;Body;3;B 6.6.3;Sleep and Wait Functions;REF_Features_sleep_and_wait_functions.html;sleep and wait functions;sleep and wait functions;
Missing;Body;4;B 6.6.3.1;sleep, sleep countdown;;;;
Missing;Body;4;B 6.6.3.2;sleep until, sleep until countdown;;;;
Missing;Body;4;B 6.6.3.3;wait until, wait until countdown;;;;
Missing;Body;4;B 6.6.3.4;wait, wait countdown;;;;
OK;Body;2;B 6.7;Parameter Set Functions;REF_Features_parameter_set_functions.html;parameter set functions;parameter set functions;
OK;Body;3;B 6.7.1;Set Search and Extraction Functions;REF_Features_parameter_set_search_and_extraction.html;parameter set search and extraction;parameter set search and extraction,parameter set search functions,parameter set extraction functions;
Missing;Body;4;B 6.7.1.1;length ... (parameter set function);;;;
Missing;Body;4;B 6.7.1.2;find ... (parameter set function);;;;
Missing;Body;4;B 6.7.1.3;left ... (parameter set function);;;;
Missing;Body;4;B 6.7.1.4;right ... (parameter set function);;;;
Missing;Body;4;B 6.7.1.5;middle ... (parameter set function);;;;
Missing;Body;4;B 6.7.1.6;outside ... (parameter set function);;;;
Missing;Body;4;B 6.7.1.7;trim ... (parameter set function);;;;
Missing;Body;4;B 6.7.1.8;count elements ...;;;;
Missing;Body;4;B 6.7.1.9;subset ...;;;;
Missing;Body;4;B 6.7.1.10;filter ...;;;;
OK;Body;3;B 6.7.2;Matrix Manipulation Functions;REF_Features_matrix_manipulation_functions.html;matrix manipulation functions;matrix manipulation functions,matrix manipulations;
Missing;Body;4;B 6.7.2.1;horizontal;;;;
Missing;Body;4;B 6.7.2.2;vertical;;;;
Missing;Body;4;B 6.7.2.3;flat;;;;
Missing;Body;4;B 6.7.2.4;diagonal;;;;
Missing;Body;4;B 6.7.2.5;transpose;;;;
OK;Body;2;B 6.8;Table Functions;REF_Features_table_functions.html;table functions;table functions;
OK;Body;3;B 6.8.1;Creating and Deleting Tables;REF_Features_table_creating_deleting.html;table creating deleting;table creating deleting;
Missing;Body;4;B 6.8.1.1;table create ...;;;;
Missing;Body;4;B 6.8.1.2;table initialize/append ...;;;;
Missing;Body;4;B 6.8.1.3;table append blank rows;;;;
Missing;Body;4;B 6.8.1.4;table configure;;;;
Missing;Body;4;B 6.8.1.5;table clear ...;;;;
Missing;Body;4;B 6.8.1.6;table delete ...;;;;
OK;Body;3;B 6.8.2;Accessing Table Information;REF_Features_accessing_table_info.html;accessing table info;accessing table info;
Missing;Body;4;B 6.8.2.1;table existing;;;;
Missing;Body;4;B 6.8.2.2;table length;;;;
Missing;Body;4;B 6.8.2.3;table row width;;;;
Missing;Body;4;B 6.8.2.4;table min/max width;;;;
OK;Body;3;B 6.8.3;Accessing Table Contents;REF_Features_Accessing_table_contents.html;Accessing table contents;Accessing table contents;
Missing;Body;4;B 6.8.3.1;row;;;;
Missing;Body;4;B 6.8.3.2;forget memorized table columns;;;;
Missing;Body;4;B 6.8.3.3;table read column selected rows;;;;
Missing;Body;4;B 6.8.3.4;table write column selected rows;;;;
OK;Body;3;B 6.8.4;Loading and Saving Tables;REF_Features_Loading_and_saving_tables.html;Loading and saving tables;Loading and saving tables;
Missing;Body;4;B 6.8.4.1;table load ...;;;;
Missing;Body;5;B 6.8.4.1.1;Loading HTML files;;;;
Missing;Body;5;B 6.8.4.1.2;Loading XML files;;;;
Missing;Body;5;B 6.8.4.1.3;Loading JSON files;;;;
Missing;Body;4;B 6.8.4.2;table save ...;;;;
Missing;Body;5;B 6.8.4.2.1;Saving JSON files;;;;
OK;Body;4;B 6.8.4.3;excel list sheets;REF_Function_excel_list_sheets.html;excel list sheets;excel list sheets;
OK;Body;4;B 6.8.4.4;table load excel file;REF_Function_table_load_excel_file.html;table load excel file;table load excel file;
OK;Body;3;B 6.8.5;Input/Output with Tables;REF_Features_Input_output_wtih_tables.html;Input output wtih tables;Input output wtih tables;
OK;Body;4;B 6.8.5.1;table list;REF_Function_table_list.html;table list;table list;
Missing;Body;4;B 6.8.5.2;table menu ...;;;;
OK;Body;3;B 6.8.6;Checking and Processing Headers;REF_Features_Checking_headers.html;Checking headers,Processing headers;Checking headers,Processing headers;
Missing;Body;4;B 6.8.6.1;table check header;;;;
Missing;Body;4;B 6.8.6.2;table column number;;;;
Missing;Body;4;B 6.8.6.3;table check headers ...;;;;
Missing;Body;4;B 6.8.6.4;table rename ... headers;;;;
Missing;Body;4;B 6.8.6.5;table correct headers ...;;;;
Missing;Body;4;B 6.8.6.6;table lift ...;;;;
OK;Body;3;B 6.8.7;Searching Tables;REF_Features_Searching_tables.html;Searching tables;Searching tables;
Missing;Body;4;B 6.8.7.1;table search ...;;;;
Missing;Body;4;B 6.8.7.2;table search row;;;;
Missing;Body;4;B 6.8.7.3;table selected rows;;;;
Missing;Body;4;B 6.8.7.4;table selected columns/headers ...;;;;
Missing;Body;4;B 6.8.7.5;table search header row;;;;
OK;Body;3;B 6.8.8;Processing Table Columns;REF_Features_Processing_table_columns.html;Processing table columns;Processing table columns;
Missing;Body;4;B 6.8.8.1;table insert (missing) columns;;;;
Missing;Body;4;B 6.8.8.2;table copy columns ...;;;;
Missing;Body;4;B 6.8.8.3;table duplicate columns ...;;;;
Missing;Body;4;B 6.8.8.4;table sort columns;;;;
Missing;Body;4;B 6.8.8.5;table rearrange ... columns;;;;
Missing;Body;4;B 6.8.8.6;table keep ... columns;;;;
Missing;Body;4;B 6.8.8.7;table delete columns;;;;
Missing;Body;4;B 6.8.8.8;table delete remaining columns;;;;
Missing;Body;4;B 6.8.8.9;table delete blank/empty/unnamed columns;;;;
OK;Body;3;B 6.8.9;Processing Table Rows;REF_Features_Processing_table_rows.html;Processing table rows;Processing table rows;
Missing;Body;4;B 6.8.9.1;table insert rows;;;;
Missing;Body;4;B 6.8.9.2;table insert ... selected rows;;;;
Missing;Body;4;B 6.8.9.3;table delete rows;;;;
Missing;Body;4;B 6.8.9.4;table delete remaining rows;;;;
Missing;Body;4;B 6.8.9.5;table delete selected rows;;;;
Missing;Body;4;B 6.8.9.6;table keep selected rows;;;;
Missing;Body;4;B 6.8.9.7;table delete blank rows;;;;
Missing;Body;4;B 6.8.9.8;table check row;;;;
Missing;Body;4;B 6.8.9.9;table rearrange selected rows;;;;
Missing;Body;4;B 6.8.9.10;table sort (selected) rows;;;;
Missing;Body;4;B 6.8.9.11;table rank (selected) rows;;;;
OK;Body;3;B 6.8.10;Processing Table Contents;REF_Features_Processing_table_contents.html;Processing table contents;Processing table contents;
Missing;Body;4;B 6.8.10.1;table process ...;;;;
Missing;Body;4;B 6.8.10.2;table process selected rows fast;;;;
Missing;Body;5;B 6.8.10.2.1;Addt'l Info on fast rows processing;;;;
Missing;Body;4;B 6.8.10.3;table manipulate;;;;
Missing;Body;4;B 6.8.10.4;table fill vertically ...;;;;
Missing;Body;4;B 6.8.10.5;table fill horizontally ...;;;;
Missing;Body;4;B 6.8.10.6;table substitute vertically ...;;;;
Missing;Body;4;B 6.8.10.7;table substitute horizontally ...;;;;
Missing;Body;4;B 6.8.10.8;table delete cells selected rows;;;;
Missing;Body;4;B 6.8.10.9;table delete cells selected columns;;;;
Missing;Body;4;B 6.8.10.10;table format numbers;;;;
Missing;Body;4;B 6.8.10.11;table fit;;;;
OK;Body;3;B 6.8.11;Renaming, Copying and Splitting Tables;REF_Features_Copying_and_spitting_tables.html;Copying and spitting tables;Copying and spitting tables;
Missing;Body;4;B 6.8.11.1;table rename;;;;
Missing;Body;4;B 6.8.11.2;table copy table;;;;
Missing;Body;4;B 6.8.11.3;table copy/split table selected rows;;;;
Missing;Body;4;B 6.8.11.4;table copy table columns ...;;;;
Missing;Body;4;B 6.8.11.5;table split table columns ...;;;;
OK;Body;3;B 6.8.12;Checking and Comparing Tables;REF_Features_Checking_and_comparing_tables.html;Checking and comparing tables;Checking and comparing tables;
Missing;Body;4;B 6.8.12.1;table compare ...;;;;
Missing;Body;5;B 6.8.12.1.1;Table Comparison Strategy;;;;
Missing;Body;5;B 6.8.12.1.2;Table Comparison Reports;;;;
Missing;Body;5;B 6.8.12.1.3;Change Indication Function;;;;
Missing;Body;4;B 6.8.12.2;table check;;;;
Missing;Body;5;B 6.8.12.2.1;Checking Tables - Row and Group Results;;;;
Missing;Body;5;B 6.8.12.2.2;Checking Tables - Examples;;;;
Missing;Body;4;B 6.8.12.3;table check duplicates ...;;;;
OK;Body;3;B 6.8.13;Looking up Other Tables;REF_Features_Looking_up_Other_Tables.html;Looking up Other Tables;Looking up Other Tables;
Missing;Body;4;B 6.8.13.1;table lookup ...;;;;
Missing;Body;4;B 6.8.13.2;table lookup once ...;;;;
Missing;Body;4;B 6.8.13.3;table lookup fast ...;;;;
Missing;Body;4;B 6.8.13.4;table lookup smart ...;;;;
Missing;Body;4;B 6.8.13.5;table lookup smart once ...;;;;
Missing;Body;4;B 6.8.13.6;table integrate ...;;;;
Missing;Body;4;B 6.8.13.7;table integrate once ...;;;;
Missing;Body;4;B 6.8.13.8;table integrate fast ...;;;;
Missing;Body;4;B 6.8.13.9;table integrate smart ...;;;;
Missing;Body;4;B 6.8.13.10;table integrate smart once ...;;;;
Missing;Body;4;B 6.8.13.11;table expand ...;;;;
Missing;Body;4;B 6.8.13.12;table expand fast ...;;;;
Missing;Body;4;B 6.8.13.13;table expand smart ...;;;;
Missing;Body;4;B 6.8.13.14;table expand fast smart ...;;;;
Missing;Body;4;B 6.8.13.15;Table Integration Operation Identifiers;;;;
OK;Body;3;B 6.8.14;Pivoting and Conosolidating Tables;REF_Features_Pivoting_and_consolidating_tables.html;Pivoting and consolidating tables;Pivoting and consolidating tables;
Missing;Body;4;B 6.8.14.1;table transpose;;;;
Missing;Body;4;B 6.8.14.2;table serialize ...;;;;
Missing;Body;4;B 6.8.14.3;table spread ...;;;;
Missing;Body;4;B 6.8.14.4;table spread given headers ...;;;;
Missing;Body;4;B 6.8.14.5;table consolidate ...;;;;
Missing;Body;4;B 6.8.14.6;table distribute ...;;;;
OK;Body;3;B 6.8.15;Combining Multiple Tables;REF_Features_Combining_Multiple_Tables.html;Combining Multiple Tables;Combining Multiple Tables;
Missing;Body;4;B 6.8.15.1;table merge ...;;;;
Missing;Body;4;B 6.8.15.2;table overlay/subtract ...;;;;
Missing;Body;4;B 6.8.15.3;table intersect ...;;;;
Missing;Body;4;B 6.8.15.4;table subtract ...;;;;
Missing;Body;4;B 6.8.15.5;table exclude ...;;;;
Missing;Body;4;B 6.8.15.6;table multiply ...;;;;
Missing;Body;4;B 6.8.15.7;table divide ...;;;;
Missing;Body;4;B 6.8.15.8;table arrange ...;;;;
OK;Body;3;B 6.8.16;Exploring and Extracting Tables;REF_Features_Exploring_and_Extracting_Tables.html;Exploring and Extracting Tables;Exploring and Extracting Tables;
Missing;Body;4;B 6.8.16.1;table explore;;;;
Missing;Body;4;B 6.8.16.2;table filter ...;;;;
Missing;Body;4;B 6.8.16.3;table extract ...;;;;
OK;Body;2;B 6.9;Variables Functions;REF_Features_variables_functions.html;variables functions;variables functions;
OK;Body;3;B 6.9.1;Basic Variables Functions;REF_Features_basic_variables_functions.html;basic variables functions;basic variables functions;
Missing;Body;4;B 6.9.1.1;existing;;;;
Missing;Body;4;B 6.9.1.2;identify;;;;
Missing;Body;4;B 6.9.1.3;scope;;;;
Missing;Body;4;B 6.9.1.4;name;;;;
Missing;Body;4;B 6.9.1.5;exchange;;;;
Missing;Body;4;B 6.9.1.6;protect ...;;;;
Missing;Body;4;B 6.9.1.7;delete ...;;;;
Missing;Body;4;B 6.9.1.8;global;;;;
OK;Body;3;B 6.9.2;Arrays and Structures;REF_Features_Arrays_and_Structures.html;Arrays and Structures;Arrays and Structures;
Missing;Body;4;B 6.9.2.1;dim / redim;;;;
Missing;Body;4;B 6.9.2.2;dim / redim protect;;;;
Missing;Body;4;B 6.9.2.3;array, array protect;;;;
Missing;Body;4;B 6.9.2.4;structure, structure protect;;;;
Missing;Body;4;B 6.9.2.5;member count;;;;
Missing;Body;4;B 6.9.2.6;structure to array ...;;;;
Missing;Body;4;B 6.9.2.7;array to structure ...;;;;
Missing;Body;4;B 6.9.2.8;set, set names;;;;
OK;Body;3;B 6.9.3;Loading and Saving Variables;REF_Features_Loading_and_saving_variables.html;Loading and saving variables;Loading and saving variables;
Missing;Body;4;B 6.9.3.1;variable load ...;;;;
Missing;Body;4;B 6.9.3.2;json to variable ...;;;;
Missing;Body;4;B 6.9.3.3;variable save ...;;;;
Missing;Body;4;B 6.9.3.4;variable to json ...;;;;
OK;Body;3;B 6.9.4;Variable References Functions;REF_Features_Variable_references_functions.html;Variable references functions;Variable references functions;
Missing;Body;4;B 6.9.4.1;release;;;;
Missing;Body;4;B 6.9.4.2;release all;;;;
OK;Body;3;B 6.9.5;Resident Attributes Functions;REF_Features_Resident_attributes_functions.html;Resident attributes functions;Resident attributes functions;
Missing;Body;4;B 6.9.5.1;attribute ...;;;;
OK;Body;2;B 6.10;Directory and File System Functions;REF_Features_directory_and_file_system_functions.html;directory and file system functions;directory and file system functions;
OK;Body;3;B 6.10.1;Basic Directory and File Functions;REF_Features_basic_directory_and_file_functions.html;basic directory and file functions;basic directory and file functions;
Missing;Body;4;B 6.10.1.1;directory existing, file existing;;;;
Missing;Body;4;B 6.10.1.2;read access ..., write access ...;;;;
Missing;Body;4;B 6.10.1.3;working directory;;;;
Missing;Body;4;B 6.10.1.4;starting directory;;;;
Missing;Body;4;B 6.10.1.5;directory size;;;;
Missing;Body;4;B 6.10.1.6;file size;;;;
Missing;Body;4;B 6.10.1.7;disk space ...;;;;
OK;Body;3;B 6.10.2;Listing and Searching Directories and Files;REF_Features_listing_directories_and_files.html;listing directories and files;listing directories and files;
Missing;Body;4;B 6.10.2.1;directory listing ...;;;;
OK;Body;4;B 6.10.2.2;advanced directory listing ...;REF_Function_advanced_directory_listing.html;advanced directory listing,advanced directory listing recursive;advanced directory listing,advanced directory listing recursive;
Missing;Body;4;B 6.10.2.3;search files ...;;;;
OK;Body;4;B 6.10.2.4;choose recent file;REF_Function_choose_recent_file.html;choose recent file;choose recent file;
Missing;Body;4;B 6.10.2.5;count files ...;;;;
Missing;Body;4;B 6.10.2.6;resolve path/directory/file name;;;;
OK;Body;4;B 6.10.2.7;office document properties;REF_Function_office_document_properties.html;office document properties;office document properties;
OK;Body;3;B 6.10.3;Manipulating Directories and Files;REF_Features_manipulating_directories_and_files.html;manipulating directories and files;manipulating directories and files;
Missing;Body;4;B 6.10.3.1;directory create ...;;;;
Missing;Body;4;B 6.10.3.2;file delete ...;;;;
Missing;Body;4;B 6.10.3.3;file delete multiple/recursive ...;;;;
Missing;Body;4;B 6.10.3.4;directory delete ...;;;;
Missing;Body;4;B 6.10.3.5;directory delete multiple/recursive ...;;;;
Missing;Body;4;B 6.10.3.6;file rename ...;;;;
Missing;Body;4;B 6.10.3.7;directory rename ...;;;;
Missing;Body;4;B 6.10.3.8;file copy ...;;;;
Missing;Body;4;B 6.10.3.9;file copy mulitple/recursive ...;;;;
Missing;Body;4;B 6.10.3.10;file create link ...;;;;
Missing;Body;4;B 6.10.3.11;file download ...;;;;
OK;Body;3;B 6.10.4;File Compression and Decompression;REF_Features_file_compression_decompression.html;file compression decompression;file compression decompression;
OK;Body;4;B 6.10.4.1;zip extract files;REF_Function_zip_extract_files.html;zip extract files;zip extract files;
OK;Body;4;B 6.10.4.2;zip extract all;REF_Function_zip_extract_all.html;zip extract all;zip extract all;
OK;Body;4;B 6.10.4.3;zip compress;REF_Function_zip_compress.html;zip compress;zip compress;
OK;Body;2;B 6.11;System Functions;REF_Features_system_functions.html;system functions;system functions;
OK;Body;3;B 6.11.1;Executing System Commands;REF_Features_executing_system_commands.html;executing system commands;executing system commands;
Missing;Body;4;B 6.11.1.1;system;;;;
Missing;Body;4;B 6.11.1.2;quote path;;;;
Missing;Body;3;B 6.11.2;set locale;;;;
OK;Body;3;B 6.11.3;Registry Access Functions;REF_Features_registry_access_functions.html;registry access functions;registry access functions;
OK;Body;3;B 6.11.4;Licensing and Privileges;REF_Features_licensing_and_privileges.html;licensing and privileges;licensing and privileges;
Missing;Body;4;B 6.11.4.1;global / script privileges;;;;
Missing;Body;4;B 6.11.4.2;license provide identification;;;;
Missing;Body;4;B 6.11.4.3;license apply key;;;;
OK;Body;2;B 6.12;Help and Support Functions;REF_Features_help_and_support_functions.html;help and support functions;help and support functions;
OK;Body;3;B 6.12.1;help;REF_Function_help.html;help;help;
OK;Body;3;B 6.12.2;docs;REF_Function_docs.html;docs;docs;
OK;Body;3;B 6.12.3;web docs;REF_Function_web_docs.html;web docs;web docs;
OK;Body;3;B 6.12.4;view;REF_Function_view.html;view;view;
OK;Body;3;B 6.12.5;view reset;REF_Function_view_reset.html;view reset;view reset;
Missing;Body;3;B 6.12.6;list / explain functions;;;;
Missing;Body;3;B 6.12.7;dump functions;;;;
OK;Body;2;B 6.13;Cross-Functional Info;REF_Features_Cross-functional_info.html;Cross-functional info;Cross-functional info;
OK;Body;3;B 6.13.1;Sorting and Ranking Options;REF_Features_Sorting_options.html;Sorting options,Ranking options;Sorting options,Ranking options;
OK;Body;3;B 6.13.2;Consolidation Actions;REF_Features_consolidation_actions.html;consolidation actions;consolidation actions;
Pending, (Assign right Category);;;;Verbose Levels;REF_Features_verbose.html;verbose;verbose;
